student_id,age,grade,homework_completion,practice_tests_avg,class_participation,geometry_score,algebra1_score,recent_quiz_avg,study_hours_per_week,at_risk
S001,13,6,100.0,59.98,10.0,75.27,56.92,55.72,6.02,1
S002,14,8,90.39,70.78,10.0,86.05,81.76,71.16,8.87,0
S003,12,8,74.63,100.0,10.0,69.6,68.65,73.87,6.63,0
S004,14,5,83.1,84.61,9.42,56.77,68.64,51.37,4.9,0
S005,14,6,76.24,66.43,9.05,67.55,81.48,75.01,4.63,0
S006,11,5,71.17,83.59,8.19,58.83,76.08,67.67,4.29,0
S007,12,7,94.26,95.99,8.56,59.87,78.85,41.38,7.36,0
S008,12,7,100.0,88.87,5.9,67.83,83.62,57.09,3.75,0
S009,12,5,71.01,75.89,5.36,58.11,68.02,63.8,5.09,0
S010,14,8,90.63,65.3,6.99,65.38,64.65,98.32,5.1,0
S011,13,8,78.49,85.47,6.66,41.6,58.98,78.35,4.0,1
S012,12,5,80.13,80.9,6.09,73.2,62.1,49.97,2.26,0
S013,14,5,79.08,88.43,8.39,70.02,100.0,77.29,5.65,0
S014,11,7,76.36,84.53,8.91,57.74,86.94,46.79,4.88,0
S015,13,8,85.49,90.74,7.18,79.89,55.79,86.24,6.0,0
S016,11,5,76.69,66.97,9.96,84.06,56.13,62.93,3.93,0
S017,13,7,87.7,94.76,4.72,45.89,77.78,68.6,7.44,1
S018,14,8,84.5,77.96,6.61,58.56,78.57,89.89,3.25,0
S019,10,6,82.61,100.0,5.57,58.46,78.59,50.69,8.42,0
S020,13,7,75.92,64.66,3.27,55.9,68.94,49.04,1.5,0
S021,11,8,79.23,100.0,6.83,82.44,70.49,61.25,5.87,0
S022,14,8,92.55,77.97,6.76,67.09,75.93,85.58,5.95,0
S023,13,7,90.01,65.23,10.0,66.03,73.03,47.21,3.41,0
S024,10,6,75.22,67.74,8.26,39.94,45.37,30.0,5.85,1
S025,10,7,85.99,70.19,4.95,79.53,69.24,63.23,7.56,0
S026,12,8,92.51,81.36,10.0,51.41,61.78,78.28,0.57,0
S027,12,5,68.31,82.84,9.44,70.9,74.1,88.0,6.01,0
S028,11,5,90.43,66.39,8.16,74.16,100.0,63.05,0.01,0
S029,13,7,78.37,74.63,6.55,90.41,76.41,63.83,3.07,0
S030,13,8,90.71,100.0,5.08,50.37,68.24,87.31,8.26,0
S031,12,5,77.37,100.0,6.26,30.0,83.06,41.95,3.84,1
S032,13,8,66.95,81.54,9.18,72.76,77.79,64.17,2.65,0
S033,13,7,68.72,75.57,10.0,97.01,77.04,72.86,4.6,0
S034,10,5,85.48,76.8,10.0,88.58,79.28,76.74,9.14,0
S035,12,8,87.6,84.2,6.02,73.14,96.68,62.35,1.34,0
S036,14,5,75.96,59.66,4.76,62.63,58.43,70.52,2.9,1
S037,12,7,91.39,71.14,7.28,82.11,77.68,32.68,7.99,0
S038,14,8,68.38,49.97,3.46,55.4,60.88,60.13,8.72,1
S039,10,5,84.34,80.99,7.65,77.15,78.67,76.8,4.79,0
S040,11,7,72.89,84.71,6.7,77.58,60.98,55.27,2.52,0
S041,13,5,78.48,67.75,6.07,85.9,66.99,70.88,9.19,0
S042,10,5,85.47,98.61,3.81,100.0,68.46,76.7,8.19,0
S043,13,6,76.4,56.61,8.03,75.89,83.71,64.86,6.36,1
S044,11,6,81.15,53.03,5.93,62.37,83.02,72.56,3.38,1
S045,11,7,95.06,78.37,4.66,69.62,57.05,55.56,4.9,0
S046,10,6,79.23,90.71,1.26,43.46,72.66,66.9,4.68,1
S047,11,7,93.36,100.0,6.94,59.58,63.49,79.15,5.66,0
S048,14,6,73.7,68.12,10.0,63.86,56.9,72.35,7.9,0
S049,11,5,90.3,91.18,10.0,62.14,69.4,61.2,6.76,0
S050,13,7,99.42,74.42,6.09,72.29,68.3,73.36,2.85,0
S051,13,7,60.28,72.41,5.8,57.66,100.0,80.72,7.75,0
S052,13,5,77.03,88.25,7.94,86.82,77.2,39.25,5.63,0
S053,13,7,90.77,84.78,5.0,70.0,55.47,87.39,6.37,0
S054,14,7,82.97,51.35,7.6,69.86,65.22,64.96,7.93,1
S055,12,6,88.71,97.15,8.53,65.08,84.26,76.38,2.78,0
S056,10,7,78.96,95.7,9.45,72.33,97.06,87.96,4.93,0
S057,13,8,85.87,65.62,6.8,82.38,52.97,49.42,3.94,0
S058,11,5,83.44,80.94,6.59,56.99,49.44,59.36,1.86,0
S059,13,6,96.68,82.41,5.24,60.13,94.45,65.67,5.69,0
S060,11,6,87.54,78.91,5.35,65.44,76.68,58.24,10.0,0
S061,11,8,88.38,66.75,6.55,49.81,61.58,96.02,1.32,1
S062,13,5,80.88,64.93,7.73,57.71,78.42,57.15,4.94,0
S063,14,5,80.12,74.62,8.83,62.86,40.37,61.67,6.28,0
S064,11,6,80.67,92.59,5.39,83.12,72.04,73.07,5.25,0
S065,11,7,88.94,83.15,9.99,73.94,75.93,51.97,4.77,0
S066,13,6,80.79,69.44,6.46,72.9,83.09,64.06,2.4,0
S067,11,5,87.9,86.58,6.96,82.76,59.83,74.76,5.47,0
S068,11,8,100.0,40.0,5.51,67.94,73.03,65.01,3.49,1
S069,13,6,93.71,92.23,2.15,75.86,60.89,68.6,0.62,0
S070,13,5,81.74,48.9,8.77,68.45,75.06,62.06,7.39,1
S071,10,6,97.01,69.56,8.47,73.98,61.26,47.28,6.92,0
S072,14,7,80.92,58.2,6.44,61.26,67.1,74.82,5.1,1
S073,14,6,64.62,55.58,7.13,33.42,60.05,96.32,5.46,1
S074,11,6,74.92,92.41,8.03,67.99,79.81,70.28,7.15,0
S075,14,5,66.29,67.98,3.87,91.34,82.3,73.38,5.45,0
S076,11,5,81.48,80.2,5.94,83.89,69.18,80.39,6.81,0
S077,10,5,85.18,74.3,8.59,84.48,72.46,50.96,4.41,0
S078,13,6,100.0,82.16,4.49,88.54,54.62,95.54,7.62,0
S079,13,7,88.27,76.15,7.59,71.33,68.4,73.03,5.64,0
S080,13,8,82.81,55.76,4.29,72.96,71.4,94.48,5.39,1
S081,14,8,93.29,89.94,7.93,60.74,100.0,59.0,2.46,0
S082,10,5,62.89,67.59,6.93,65.26,58.66,97.27,5.57,0
S083,14,5,87.36,51.65,3.77,79.24,89.57,81.63,3.34,1
S084,14,6,92.71,68.58,9.33,88.06,83.96,78.3,3.72,0
S085,10,8,70.21,97.51,5.53,67.91,75.37,73.51,3.37,0
S086,10,5,96.44,87.75,5.38,63.25,93.1,66.27,2.87,0
S087,10,7,88.38,69.77,7.4,70.01,76.47,88.01,9.25,0
S088,10,7,80.85,69.76,9.3,79.02,76.67,72.11,7.66,0
S089,13,5,91.33,70.18,4.97,48.34,71.36,40.49,8.84,1
S090,12,5,100.0,100.0,7.12,35.56,86.68,53.24,2.55,1
S091,12,8,86.82,80.73,7.86,61.74,85.16,67.21,5.14,0
S092,10,8,87.48,81.45,8.39,51.69,64.49,74.65,2.41,0
S093,12,6,80.41,90.45,7.35,62.38,56.17,69.15,3.61,0
S094,12,8,76.5,78.58,6.27,67.78,69.56,88.28,3.16,0
S095,10,7,93.3,71.11,5.34,63.2,62.4,40.73,7.48,0
S096,12,7,76.44,72.05,7.17,91.79,71.24,72.15,4.21,0
S097,14,5,85.72,73.93,4.86,74.9,86.85,42.73,7.14,0
S098,11,8,80.22,74.44,1.16,74.51,66.51,81.4,6.21,0
S099,11,6,89.79,85.91,7.87,79.33,71.49,68.58,9.61,0
S100,10,7,88.34,75.78,8.81,52.92,72.7,76.29,2.04,0
S101,13,7,95.38,85.99,2.27,85.59,82.18,57.04,7.52,0
S102,10,6,79.9,73.79,4.98,68.86,45.04,89.19,7.29,0
S103,13,6,82.3,76.18,8.24,80.06,64.72,85.63,3.05,0
S104,11,7,75.21,45.03,10.0,53.92,74.54,78.75,7.01,1
S105,10,7,80.56,88.74,7.04,46.69,86.4,68.06,5.67,1
S106,14,6,88.77,80.2,5.54,82.27,66.1,78.7,4.55,0
S107,12,7,92.57,89.97,6.63,75.65,49.48,59.4,3.35,0
S108,13,5,75.78,40.0,9.75,56.47,79.44,82.83,3.56,1
S109,12,5,93.7,100.0,5.71,56.96,64.38,94.74,9.1,0
S110,12,6,98.56,72.91,5.4,86.88,57.72,86.06,5.0,0
S111,10,8,89.13,91.62,6.03,52.16,64.51,59.06,6.56,0
S112,12,6,100.0,59.4,5.09,94.64,69.79,75.42,3.42,1
S113,14,6,77.26,84.19,7.25,56.49,64.74,50.6,3.44,0
S114,12,8,72.55,59.2,10.0,79.58,45.53,78.59,7.16,1
S115,10,8,67.21,65.64,7.65,65.07,82.76,76.76,2.3,0
S116,14,8,99.96,100.0,6.5,79.05,87.3,41.95,4.17,0
S117,11,5,91.54,72.14,6.42,61.84,79.82,52.57,5.07,0
S118,12,7,84.44,78.26,3.87,67.56,58.35,65.75,5.22,0
S119,10,5,87.8,88.05,8.77,70.61,69.58,65.49,4.64,0
S120,11,7,73.75,82.44,6.84,54.97,71.92,51.86,5.79,0
S121,11,5,100.0,77.26,6.64,81.11,79.19,75.83,6.39,0
S122,13,7,86.29,80.47,10.0,62.3,80.02,73.77,6.47,0
S123,14,5,86.09,100.0,7.6,66.57,63.19,67.09,3.03,0
S124,12,8,92.26,74.14,5.5,55.08,72.98,58.66,4.43,0
S125,10,6,89.81,78.02,6.15,31.56,77.49,85.73,7.39,1
S126,13,5,87.24,90.76,9.3,67.13,89.47,94.83,6.79,0
S127,14,7,77.1,91.58,7.23,100.0,80.45,62.75,2.25,0
S128,13,8,89.71,92.81,4.12,81.77,81.47,60.82,5.7,0
S129,14,5,100.0,84.58,8.84,69.71,73.01,77.37,1.04,0
S130,14,5,98.45,57.85,5.66,66.06,88.93,64.63,5.09,1
S131,12,8,100.0,99.5,10.0,70.34,76.92,67.91,8.8,0
S132,14,5,79.89,57.8,9.16,78.21,61.67,81.09,3.1,1
S133,13,6,75.1,79.54,6.11,52.29,88.84,41.36,3.33,0
S134,14,5,83.74,63.69,9.56,86.71,80.37,89.77,6.53,0
S135,12,6,85.56,74.04,7.14,80.73,66.68,71.09,1.91,0
S136,12,6,95.94,79.93,8.71,80.77,66.25,63.83,3.73,0
S137,13,8,68.08,79.82,7.97,76.58,75.56,68.66,6.19,0
S138,11,5,100.0,81.33,5.31,70.29,77.56,69.44,3.73,0
S139,11,8,83.42,99.21,5.71,80.09,74.37,44.03,4.53,0
S140,14,5,80.73,81.8,9.06,78.88,75.74,92.42,6.49,0
S141,10,5,74.88,71.34,6.33,64.69,92.4,70.62,5.84,0
S142,14,7,68.45,89.46,6.19,61.4,84.86,76.65,5.53,0
S143,13,5,93.23,92.84,5.09,71.53,74.29,84.27,4.32,0
S144,13,8,85.73,56.59,7.85,93.24,83.3,54.68,5.74,1
S145,13,6,72.1,83.96,10.0,51.41,59.61,77.1,4.75,0
S146,13,5,72.05,85.52,4.86,47.99,76.78,65.99,5.92,1
S147,13,7,81.64,70.54,7.05,72.47,93.71,82.7,4.01,0
S148,12,8,100.0,95.64,9.82,70.76,69.38,38.09,4.63,0
S149,11,5,82.4,72.75,6.84,72.6,61.83,68.51,3.02,0
S150,13,8,69.97,76.88,7.9,73.66,64.17,60.96,4.93,0
S151,10,7,82.54,72.4,4.88,66.65,58.92,76.48,3.38,0
S152,10,7,82.27,75.23,7.86,92.35,62.58,77.05,2.77,0
S153,10,8,58.03,58.56,6.63,45.99,67.55,59.39,5.52,1
S154,10,5,84.46,53.4,8.97,57.57,55.13,59.32,5.43,1
S155,12,6,82.69,98.92,9.37,68.45,72.19,68.34,6.57,0
S156,10,7,91.96,62.3,10.0,45.35,82.83,56.55,4.14,1
S157,13,5,100.0,60.13,8.16,67.36,61.11,82.63,5.82,0
S158,14,5,96.27,42.7,7.65,94.92,90.23,64.46,6.1,1
S159,10,6,82.31,65.42,7.39,70.31,78.13,30.0,5.89,0
S160,12,7,73.93,55.15,6.29,73.46,84.37,64.38,3.35,1
S161,12,7,100.0,99.63,7.68,51.1,64.11,54.42,5.3,0
S162,10,5,85.59,90.15,6.41,60.75,82.25,45.53,5.73,0
S163,14,5,85.14,64.68,7.34,64.37,58.9,51.44,5.01,0
S164,10,6,84.76,100.0,9.64,65.23,82.68,71.64,0.83,0
S165,12,6,86.98,89.73,4.99,89.22,74.06,89.93,5.32,0
S166,11,7,83.56,70.13,9.28,78.37,78.64,74.7,9.43,0
S167,13,8,79.26,40.0,9.63,53.33,57.89,60.9,4.28,1
S168,12,7,79.53,100.0,6.76,73.7,61.26,76.84,3.54,0
S169,10,5,84.67,54.16,2.76,77.47,79.17,63.11,5.75,1
S170,13,7,79.57,50.32,5.78,87.1,60.62,59.58,5.62,1
S171,10,8,77.87,90.34,9.59,93.71,77.56,52.68,7.39,0
S172,10,6,86.06,100.0,6.95,54.77,55.59,43.72,2.48,0
S173,11,8,82.45,95.76,5.0,57.84,82.18,64.15,6.46,0
S174,13,8,100.0,83.46,5.99,51.14,57.21,72.37,6.18,0
S175,13,8,58.49,83.92,8.68,66.49,78.63,68.55,4.72,1
S176,11,6,95.92,87.8,8.09,77.0,79.51,63.76,5.68,0
S177,12,8,97.46,86.38,6.52,84.81,63.64,55.81,7.06,0
S178,10,8,64.27,79.22,6.27,68.86,78.98,79.12,6.74,0
S179,14,8,81.57,76.56,6.22,65.2,75.13,50.24,2.71,0
S180,10,5,81.29,74.06,5.16,72.28,65.53,81.64,6.64,0
S181,10,8,70.92,63.69,10.0,57.47,59.9,54.97,4.87,0
S182,12,6,77.22,70.79,6.36,100.0,48.45,58.71,5.15,0
S183,10,8,73.89,49.61,9.43,45.89,76.2,48.0,5.15,1
S184,11,8,100.0,73.52,10.0,72.77,53.22,62.48,4.7,0
S185,11,6,94.36,60.17,9.0,100.0,73.14,84.63,7.38,0
S186,13,8,97.72,58.45,6.14,70.1,68.84,77.73,4.83,1
S187,14,6,92.22,77.7,7.81,67.15,80.15,84.68,2.76,0
S188,10,8,73.71,95.88,6.95,64.64,68.38,77.83,4.21,0
S189,10,6,79.75,88.77,5.19,67.29,68.05,53.44,5.36,0
S190,12,8,89.89,51.44,7.65,90.59,80.78,65.04,7.46,1
S191,11,8,72.78,60.16,4.64,36.82,76.02,58.3,6.21,1
S192,14,5,92.13,89.11,9.38,93.0,75.79,89.96,3.3,0
S193,13,5,82.6,60.26,6.07,48.64,77.63,52.05,9.97,1
S194,11,8,81.25,71.63,7.4,66.0,53.57,83.41,5.53,0
S195,13,8,92.11,83.25,7.57,63.56,81.08,83.39,7.55,0
S196,12,7,89.44,60.47,6.48,78.83,79.35,97.44,4.7,0
S197,12,6,81.39,76.58,8.17,46.03,59.8,63.85,6.07,1
S198,10,7,96.59,54.99,6.05,76.93,69.07,80.68,6.68,1
S199,14,5,74.19,65.98,8.74,100.0,71.53,100.0,7.44,0
S200,13,5,91.16,79.8,4.31,49.55,70.39,60.74,7.11,1
S201,11,5,90.93,51.11,7.25,72.85,76.01,46.97,6.74,1
S202,12,5,81.9,81.61,10.0,60.07,89.18,41.8,4.37,0
S203,10,8,88.26,74.71,5.0,76.39,84.98,80.69,3.86,0
S204,10,5,72.49,83.29,5.64,70.29,56.25,41.75,5.67,0
S205,13,8,94.24,78.36,8.03,60.38,79.46,64.42,6.87,0
S206,12,8,83.15,95.46,7.36,77.32,87.95,76.56,4.55,0
S207,14,5,79.77,76.88,7.7,97.07,76.64,72.78,7.13,0
S208,12,5,95.49,68.56,7.98,67.14,85.09,76.38,7.91,0
S209,13,6,77.96,76.83,8.27,80.8,96.15,73.33,3.17,0
S210,13,7,70.92,83.15,9.22,50.6,84.28,89.18,3.33,0
S211,12,5,69.43,75.73,7.82,55.65,74.99,55.72,4.72,0
S212,13,6,91.06,75.61,6.52,77.09,84.54,59.85,5.62,0
S213,12,6,72.2,64.47,8.35,92.26,73.74,58.41,3.95,0
S214,11,7,100.0,65.06,10.0,75.33,72.29,82.45,7.7,0
S215,12,8,64.18,53.96,6.73,65.3,67.78,83.51,5.85,1
S216,12,5,100.0,100.0,5.05,69.99,90.76,76.77,5.08,0
S217,13,7,87.11,56.34,9.21,51.24,62.18,87.75,2.13,1
S218,13,5,84.03,64.61,6.76,79.07,90.39,52.33,2.37,0
S219,10,6,79.55,64.22,2.65,83.23,78.0,95.01,5.56,0
S220,10,6,88.99,88.42,8.69,63.22,55.21,92.85,0.73,0
S221,11,8,84.62,70.58,5.93,62.95,76.41,81.03,7.03,0
S222,10,6,96.03,93.72,6.82,73.99,46.8,96.73,4.68,0
S223,12,6,86.14,64.9,7.66,63.45,79.51,45.15,10.0,0
S224,13,7,86.5,79.18,7.38,69.01,82.62,62.13,9.62,0
S225,10,5,81.36,62.47,8.42,100.0,64.89,58.97,4.64,0
S226,10,5,84.43,100.0,6.13,66.29,73.48,80.82,4.79,0
S227,11,7,88.08,57.19,8.03,64.62,95.45,54.25,6.99,1
S228,11,8,67.9,79.65,6.48,60.29,65.93,81.36,8.41,0
S229,12,5,71.52,84.51,8.48,81.16,59.29,90.56,1.72,0
S230,13,6,92.43,81.21,8.23,67.28,89.78,80.43,1.43,0
S231,11,5,86.71,72.22,5.13,60.26,95.55,74.26,3.76,0
S232,10,6,83.16,73.05,9.17,89.82,72.04,55.18,6.17,0
S233,13,8,85.18,75.66,5.93,91.29,84.14,57.3,5.99,0
S234,13,7,88.48,72.79,8.62,60.99,88.1,88.74,7.14,0
S235,10,5,79.6,89.46,7.73,42.0,63.09,81.69,2.6,1
S236,11,7,77.22,100.0,10.0,85.11,66.18,69.41,0.37,0
S237,10,5,86.96,66.64,6.55,59.73,86.77,63.73,6.72,0
S238,13,6,75.22,54.45,6.3,81.86,92.22,39.61,3.34,1
S239,14,7,89.08,73.68,6.96,40.45,78.75,53.94,0.96,1
S240,14,5,67.97,100.0,6.39,83.39,61.44,98.67,5.29,0
S241,12,6,95.29,62.94,8.6,51.83,95.84,50.79,6.59,0
S242,10,7,89.73,99.59,3.77,80.96,65.63,72.84,4.76,0
S243,10,7,87.56,100.0,4.89,70.21,67.98,85.11,4.08,0
S244,12,5,94.83,66.7,4.86,55.69,76.11,51.18,4.68,0
S245,12,5,100.0,83.53,8.9,63.89,90.65,72.77,4.26,0
S246,12,5,95.14,99.43,10.0,80.29,82.25,84.07,2.3,0
S247,13,6,66.59,69.31,6.79,71.59,76.98,70.19,3.57,0
S248,10,5,72.2,71.95,6.66,78.77,77.56,100.0,6.04,0
S249,13,7,78.75,66.27,7.14,99.65,72.52,44.97,5.64,0
S250,12,7,85.26,59.78,9.32,46.54,78.7,85.88,5.34,1
S251,10,5,90.18,65.26,5.15,94.26,41.65,67.41,3.01,0
S252,13,5,77.74,56.64,7.48,71.57,68.44,81.58,4.64,1
S253,13,8,86.87,75.51,8.95,56.52,74.9,76.62,0.65,0
S254,12,7,77.45,63.45,8.0,50.05,58.19,59.0,5.36,0
S255,10,6,78.88,78.51,7.38,67.16,76.64,73.43,7.86,0
S256,12,8,70.93,51.66,9.0,83.82,69.55,42.13,2.05,1
S257,10,5,75.77,79.96,1.59,68.09,93.07,79.05,3.83,0
S258,14,5,71.48,87.5,8.36,92.67,90.88,74.47,5.66,0
S259,11,7,75.24,45.09,5.69,48.23,66.41,79.58,7.51,1
S260,11,5,95.54,80.61,3.34,69.82,70.19,85.87,4.1,0
S261,11,6,75.51,93.42,8.02,51.21,71.11,75.51,3.62,0
S262,12,7,100.0,56.86,9.75,75.45,66.58,72.22,1.06,1
S263,14,5,89.93,100.0,6.73,83.3,74.34,56.78,5.21,0
S264,10,7,86.85,81.29,8.91,63.69,62.9,59.32,9.08,0
S265,13,5,76.42,64.42,10.0,30.94,58.43,87.8,5.55,1
S266,10,5,92.0,74.16,9.63,72.98,79.47,91.55,4.96,0
S267,13,5,79.24,83.37,10.0,76.55,79.55,66.43,5.64,0
S268,10,6,86.22,76.14,8.48,76.06,62.35,70.69,4.98,0
S269,14,6,100.0,83.08,7.15,88.54,82.74,56.43,3.37,0
S270,13,7,84.04,61.19,3.8,53.93,64.42,87.59,6.65,0
S271,12,5,96.49,77.54,6.51,80.2,75.04,79.98,5.45,0
S272,10,5,77.97,53.79,5.31,87.89,81.84,99.12,5.04,1
S273,10,6,84.65,73.33,10.0,43.32,71.6,56.83,3.05,1
S274,13,5,100.0,61.44,6.65,74.79,77.46,64.33,7.61,0
S275,12,6,78.73,63.97,7.25,62.44,65.8,73.47,6.33,0
S276,12,5,100.0,93.54,8.1,68.78,69.64,79.7,3.89,0
S277,14,7,92.08,91.37,7.09,75.22,69.53,66.76,7.0,0
S278,12,5,79.38,84.14,10.0,62.69,63.04,56.91,4.0,0
S279,12,5,91.32,58.62,5.75,59.86,69.88,83.22,3.44,1
S280,12,8,94.73,70.25,7.39,70.51,53.42,80.82,3.48,0
S281,11,6,91.22,93.2,5.52,53.69,66.11,56.26,1.46,0
S282,14,5,69.3,77.13,4.36,53.71,68.58,90.33,5.94,0
S283,10,5,77.73,100.0,5.78,80.19,68.93,87.55,1.34,0
S284,13,8,82.52,80.9,6.93,52.77,69.1,72.01,2.54,0
S285,10,8,84.26,77.88,6.14,79.99,71.26,71.19,0.85,0
S286,14,6,91.21,70.36,5.62,76.94,77.75,78.31,4.83,0
S287,13,8,86.78,77.0,4.19,44.11,82.49,57.07,4.7,1
S288,14,7,71.65,72.71,6.83,59.84,64.2,70.45,4.35,0
S289,12,8,88.8,85.62,3.99,87.91,57.56,37.71,2.91,0
S290,13,7,91.11,89.35,8.52,55.28,59.5,83.15,2.66,0
S291,12,6,90.6,63.21,7.16,63.03,66.15,46.58,5.93,0
S292,10,6,95.81,55.03,4.08,76.93,67.78,92.55,3.9,1
S293,10,6,93.34,47.46,6.38,81.75,62.76,65.05,5.63,1
S294,13,6,89.59,82.62,5.5,66.23,56.45,66.82,3.23,0
S295,13,6,84.3,58.45,7.64,61.04,66.53,60.58,5.36,1
S296,14,7,68.39,42.71,9.68,91.34,74.18,65.68,7.61,1
S297,14,7,89.3,80.83,3.25,96.08,79.14,91.28,6.17,0
S298,12,6,87.08,100.0,7.23,84.68,65.31,32.68,4.18,0
S299,13,8,87.72,74.91,6.68,71.28,67.04,89.15,5.51,0
S300,10,5,72.23,87.58,8.34,57.88,60.88,75.07,4.52,0
S301,14,6,74.19,76.23,7.43,57.54,71.62,51.89,5.02,0
S302,14,8,95.53,73.52,5.5,77.84,61.82,53.87,4.35,0
S303,10,5,84.6,88.79,6.36,76.28,78.88,95.15,4.67,0
S304,14,6,91.82,70.65,5.41,91.02,50.57,55.82,5.42,0
S305,12,6,85.28,79.01,9.15,79.76,67.68,52.7,3.01,0
S306,13,7,85.3,79.83,7.04,47.45,75.61,87.06,2.97,1
S307,10,5,94.38,64.98,10.0,85.78,74.21,75.08,2.22,0
S308,13,5,79.84,89.88,6.88,55.03,100.0,55.93,1.8,0
S309,14,8,85.96,72.38,5.58,64.24,76.2,73.25,2.57,0
S310,14,7,80.38,63.66,3.97,73.75,59.95,54.61,5.32,0
S311,10,7,80.66,83.05,3.39,99.94,70.85,86.51,3.21,0
S312,12,7,81.91,61.52,3.83,100.0,50.69,85.92,6.03,0
S313,11,7,87.22,75.42,7.53,79.1,71.03,77.98,5.07,0
S314,10,5,80.21,74.86,8.02,67.25,62.0,75.42,1.06,0
S315,11,5,97.56,91.29,3.84,78.02,82.98,96.42,6.31,0
S316,11,6,76.05,82.12,8.79,83.31,65.41,70.0,6.62,0
S317,12,6,83.13,74.62,6.03,65.19,70.6,52.27,3.01,0
S318,11,7,80.6,87.27,7.29,96.93,64.37,76.74,5.84,0
S319,11,7,99.47,95.85,10.0,73.45,92.87,100.0,3.29,0
S320,12,7,86.97,83.37,8.79,77.47,68.15,54.78,5.2,0
S321,11,6,95.32,75.16,6.46,79.99,93.99,64.58,2.47,0
S322,11,8,70.14,55.32,5.22,76.32,81.77,76.25,1.41,1
S323,11,8,87.67,59.02,2.7,82.58,77.78,69.19,4.23,1
S324,10,6,93.9,70.42,5.56,60.74,76.42,55.27,4.75,0
S325,10,6,85.82,65.86,6.58,61.63,76.73,86.83,4.2,0
S326,10,6,95.65,72.2,5.03,53.5,48.87,100.0,2.63,0
S327,12,6,79.83,75.85,6.74,76.59,68.65,72.94,4.2,0
S328,14,6,99.09,82.95,7.15,81.68,82.14,56.44,5.54,0
S329,11,6,100.0,73.94,6.55,76.87,71.41,46.77,4.91,0
S330,11,7,81.37,82.3,5.7,95.12,55.14,73.87,5.37,0
S331,12,7,80.54,75.97,7.34,69.92,71.37,86.56,3.66,0
S332,11,7,99.53,45.37,7.88,80.03,92.45,77.13,7.34,1
S333,10,7,100.0,60.91,4.82,53.62,86.96,69.96,2.65,0
S334,14,6,79.77,72.84,9.82,64.19,71.26,61.16,5.98,0
S335,13,8,80.8,56.85,6.8,80.43,83.42,53.62,7.36,1
S336,11,5,82.18,84.0,7.04,82.74,67.6,82.52,5.96,0
S337,10,6,71.56,97.96,8.42,65.59,51.55,83.71,4.59,0
S338,13,5,75.81,93.28,7.47,68.93,60.91,46.81,3.94,0
S339,14,8,74.96,71.8,8.91,47.23,90.75,93.85,7.07,1
S340,13,7,77.32,97.36,7.57,64.64,68.71,78.61,2.15,0
S341,10,8,84.65,77.23,5.78,83.36,69.08,90.99,3.06,0
S342,13,6,87.34,69.94,7.72,78.63,68.4,49.87,4.2,0
S343,12,7,100.0,65.8,4.71,77.51,94.85,49.51,7.48,0
S344,13,6,75.02,70.46,7.22,70.75,91.51,67.77,5.76,0
S345,11,7,94.84,69.18,6.93,70.11,98.63,77.54,3.06,0
S346,11,5,82.86,77.56,6.58,60.1,70.09,96.95,4.38,0
S347,12,5,84.51,77.41,6.74,80.48,75.55,80.59,3.77,0
S348,10,5,91.75,75.05,3.24,76.31,53.8,66.36,3.58,0
S349,11,8,73.77,81.55,5.9,77.38,89.72,54.6,6.96,0
S350,14,6,88.82,92.86,7.19,62.11,57.99,88.45,2.26,0
S351,11,8,86.66,89.24,7.32,37.7,74.6,55.53,8.22,1
S352,11,5,89.92,52.73,4.94,86.46,58.83,94.43,6.66,1
S353,10,6,87.89,40.0,9.53,62.82,64.93,65.73,7.18,1
S354,13,5,100.0,89.01,5.27,57.06,61.95,93.86,4.07,0
S355,11,8,78.62,54.5,8.94,80.4,64.71,80.18,4.7,1
S356,12,8,79.69,71.63,7.85,64.12,65.53,67.95,2.13,0
S357,13,8,78.77,57.45,5.71,85.9,65.42,62.21,3.95,1
S358,14,5,79.45,47.97,10.0,79.26,82.0,64.89,5.99,1
S359,10,6,78.63,83.12,4.61,80.25,58.74,76.42,7.59,0
S360,14,6,96.89,86.39,8.84,49.51,74.65,71.16,2.79,1
S361,13,5,99.21,66.35,9.0,88.18,86.62,61.09,4.27,0
S362,13,6,79.29,40.0,5.66,73.92,65.84,67.52,4.7,1
S363,13,5,76.68,66.81,9.78,64.46,63.38,71.18,2.21,0
S364,14,6,89.71,80.88,6.5,72.15,69.23,38.07,6.18,0
S365,13,7,79.48,52.82,7.58,43.36,86.16,76.87,3.55,1
S366,14,7,91.33,77.75,7.52,76.13,74.33,55.3,4.61,0
S367,13,8,87.03,74.77,6.73,54.56,65.63,52.7,4.1,0
S368,12,7,69.84,83.69,8.62,49.71,77.81,44.69,3.42,1
S369,13,7,100.0,76.79,8.59,47.16,58.77,43.09,4.99,1
S370,14,7,100.0,60.4,3.5,86.69,80.18,49.67,4.57,0
S371,11,5,78.87,92.95,9.61,60.56,76.9,59.36,4.26,0
S372,13,7,81.12,72.62,3.68,93.01,68.31,99.3,3.54,0
S373,11,7,87.86,74.59,9.07,61.96,61.94,62.11,5.64,0
S374,12,8,88.34,61.0,9.25,44.39,61.36,72.67,8.31,1
S375,10,7,91.59,68.35,4.82,53.25,78.42,76.01,5.28,0
S376,12,7,100.0,61.73,6.18,88.54,86.75,71.97,6.99,0
S377,13,6,83.23,72.41,4.79,67.66,64.35,68.84,2.22,0
S378,11,8,77.02,100.0,6.57,61.78,77.5,52.07,5.32,0
S379,11,8,71.21,54.42,6.38,72.4,46.96,91.76,2.81,1
S380,14,8,77.69,50.8,8.56,77.53,64.98,97.11,2.05,1
S381,11,8,84.67,97.07,9.62,86.76,71.63,44.76,3.52,0
S382,14,8,100.0,71.86,9.79,91.73,61.08,54.64,7.38,0
S383,10,8,79.82,64.96,5.88,64.6,60.76,65.8,6.9,0
S384,13,5,87.24,90.6,6.58,50.11,63.99,55.53,5.49,0
S385,14,7,84.84,65.92,3.63,63.8,75.51,77.59,1.93,0
S386,10,8,96.88,100.0,5.39,73.9,69.75,59.08,4.61,0
S387,11,7,100.0,85.17,8.93,55.54,45.14,100.0,5.6,0
S388,11,7,79.69,67.68,10.0,55.64,46.55,87.86,5.35,0
S389,10,5,80.11,100.0,4.53,75.16,64.72,73.19,1.31,0
S390,11,8,95.44,65.91,5.82,69.27,77.49,85.4,3.22,0
S391,10,6,91.82,86.13,6.95,70.49,40.0,86.59,4.87,0
S392,14,5,100.0,79.49,7.56,58.62,66.0,61.54,6.07,0
S393,14,6,90.84,94.53,5.38,66.54,65.69,57.76,0.61,0
S394,10,7,81.41,98.42,7.85,56.14,88.66,71.17,4.68,0
S395,14,7,90.91,75.48,6.05,83.35,67.38,82.92,5.29,0
S396,14,5,96.09,63.7,6.97,85.53,76.6,72.09,6.7,0
S397,14,5,93.2,81.9,8.09,42.31,73.7,46.35,6.39,1
S398,12,6,90.07,64.83,7.01,56.06,46.43,57.96,6.17,0
S399,13,8,95.67,100.0,6.13,47.55,81.22,68.89,3.4,1
S400,11,6,96.69,77.05,6.78,60.25,74.58,68.87,1.18,0
S401,12,5,98.82,69.52,6.82,68.75,78.1,99.59,4.21,0
S402,14,6,91.49,77.77,6.26,48.26,100.0,49.21,7.0,1
S403,10,5,83.33,54.79,6.48,56.17,46.99,77.58,7.79,1
S404,14,6,86.47,60.43,10.0,54.94,92.7,92.34,6.42,0
S405,13,5,97.07,93.01,8.12,73.11,68.55,100.0,5.86,0
S406,14,5,76.83,65.15,6.41,71.04,75.45,63.93,5.76,0
S407,10,5,88.69,59.3,8.39,59.17,71.45,77.37,3.89,1
S408,13,8,81.07,83.05,6.33,72.65,66.91,78.55,4.74,0
S409,14,6,85.29,92.79,9.35,61.8,65.16,72.93,8.34,0
S410,13,6,97.78,85.78,7.74,65.93,75.95,68.52,3.11,0
S411,11,6,86.91,89.94,6.79,95.1,53.79,76.54,8.23,0
S412,11,5,85.46,63.65,7.9,90.11,81.01,32.02,4.36,0
S413,14,6,71.4,53.67,3.86,50.51,67.01,80.23,7.65,1
S414,13,6,92.46,97.52,4.75,82.45,58.44,71.89,2.19,0
S415,10,5,91.45,70.16,4.61,82.17,66.6,66.66,6.17,0
S416,14,7,100.0,71.24,7.29,52.78,87.09,100.0,3.53,0
S417,11,5,81.92,94.92,10.0,82.28,65.58,59.88,2.17,0
S418,11,6,87.19,83.34,10.0,93.07,76.3,63.95,5.44,0
S419,14,5,87.49,81.84,8.28,53.16,63.23,99.87,7.02,0
S420,13,7,100.0,100.0,8.0,56.24,81.1,57.52,3.31,0
S421,11,5,84.05,65.35,3.4,85.26,80.23,61.75,2.0,0
S422,13,6,87.79,88.92,5.91,74.07,94.18,67.79,4.82,0
S423,11,7,91.08,75.86,5.42,78.27,69.89,82.61,4.83,0
S424,11,8,86.87,79.03,5.76,75.11,80.02,73.12,6.1,0
S425,12,6,80.54,97.93,6.66,75.86,73.18,50.61,6.9,0
S426,11,7,86.94,82.62,6.06,50.1,87.55,62.02,4.88,0
S427,10,7,95.74,83.07,3.04,85.71,63.37,60.89,8.71,0
S428,14,8,74.73,91.09,8.5,87.54,80.94,68.84,5.45,0
S429,14,5,86.33,69.53,4.85,66.56,69.66,76.39,4.31,0
S430,13,5,78.0,62.41,7.48,69.35,71.23,76.27,1.78,0
S431,11,6,96.95,59.33,10.0,47.03,73.1,43.36,4.47,1
S432,10,8,69.77,45.5,5.16,77.71,75.03,85.96,4.33,1
S433,13,5,79.41,100.0,1.94,78.58,70.61,73.79,6.92,0
S434,12,8,88.77,58.45,6.43,69.07,74.58,90.77,5.92,1
S435,13,5,100.0,71.68,9.2,86.87,90.94,76.66,2.64,0
S436,13,7,84.34,70.85,10.0,64.99,83.83,86.52,5.34,0
S437,11,5,79.45,79.61,4.54,78.47,82.43,77.0,6.34,0
S438,12,8,100.0,87.24,7.99,54.71,66.53,90.19,8.06,0
S439,13,7,70.52,87.91,6.07,69.65,61.33,77.83,6.78,0
S440,10,7,63.01,66.25,6.79,67.38,83.46,68.53,6.52,0
S441,10,7,89.4,72.49,10.0,73.38,82.51,100.0,5.12,0
S442,14,8,79.98,79.24,3.99,64.46,89.67,83.34,5.78,0
S443,12,6,74.79,71.27,7.51,68.03,64.75,78.61,7.5,0
S444,12,6,92.08,99.11,7.94,82.39,69.25,50.86,2.33,0
S445,14,6,87.44,82.36,9.17,63.45,52.33,50.68,4.3,0
S446,13,8,79.36,86.02,7.2,45.9,67.29,74.39,3.45,1
S447,12,7,72.2,84.94,7.62,96.24,83.96,72.18,5.76,0
S448,10,6,93.72,92.6,6.22,90.72,66.4,60.79,7.46,0
S449,10,8,91.5,77.72,7.54,50.62,79.69,72.11,3.81,0
S450,11,6,84.01,55.55,6.31,80.35,69.71,93.83,0.22,1
S451,12,5,100.0,81.0,8.24,62.46,75.89,80.43,4.18,0
S452,13,6,74.3,65.23,6.26,73.95,58.23,52.88,6.83,0
S453,14,6,69.74,67.07,7.75,74.41,73.02,68.33,6.08,0
S454,14,7,78.08,83.8,6.94,66.48,40.0,57.93,5.86,0
S455,13,8,84.54,93.57,9.25,58.24,69.76,64.18,4.44,0
S456,11,7,87.43,75.32,6.9,59.64,52.43,63.8,2.44,0
S457,14,7,82.59,79.63,3.45,56.26,86.47,62.84,6.03,0
S458,12,7,88.52,100.0,9.52,57.52,81.33,51.17,3.33,0
S459,11,7,72.48,78.61,5.19,68.99,77.6,68.09,9.37,0
S460,12,7,99.44,100.0,5.69,59.26,90.25,61.59,6.14,0
S461,10,6,84.18,83.48,5.81,80.23,60.61,30.0,3.84,0
S462,11,7,96.17,48.59,9.75,92.31,92.97,100.0,3.78,1
S463,14,7,88.43,86.3,2.73,61.3,83.19,86.33,4.81,0
S464,11,8,89.57,80.72,10.0,73.59,69.16,64.36,4.52,0
S465,11,5,90.7,94.35,9.11,77.5,85.63,70.28,7.23,0
S466,11,6,89.48,85.1,7.45,77.08,58.72,52.43,5.37,0
S467,11,6,91.43,72.92,6.89,71.14,62.11,95.44,3.54,0
S468,12,6,98.29,56.64,7.57,81.14,64.7,98.46,8.78,1
S469,10,7,86.97,71.86,8.04,77.23,65.65,72.35,5.1,0
S470,13,7,92.09,62.24,8.29,51.44,59.32,85.35,6.54,0
S471,11,7,84.1,66.29,8.11,83.04,86.68,72.63,3.78,0
S472,14,8,99.4,83.83,7.18,83.31,68.89,49.95,5.73,0
S473,11,5,78.24,100.0,6.61,58.55,76.23,63.82,5.62,0
S474,14,7,100.0,80.92,6.7,70.57,65.16,71.98,1.22,0
S475,12,5,84.6,57.06,6.61,80.25,50.15,63.18,9.03,1
S476,14,8,70.69,81.67,9.27,66.86,75.24,66.72,7.58,0
S477,13,6,86.28,92.95,8.19,86.09,49.05,68.63,4.21,0
S478,10,7,78.19,65.85,1.12,100.0,71.18,68.79,2.8,0
S479,14,5,93.41,72.99,8.31,58.21,55.58,70.78,5.7,0
S480,14,5,78.47,75.22,7.39,49.28,95.85,54.09,5.17,1
S481,10,7,80.54,63.23,6.96,74.56,82.94,59.24,5.71,0
S482,13,6,66.1,84.72,6.22,80.82,73.27,50.73,5.38,0
S483,11,6,80.48,73.19,9.25,66.54,87.16,84.67,6.01,0
S484,14,6,60.76,81.29,8.9,91.8,61.84,38.42,7.89,0
S485,10,8,69.16,61.69,5.45,49.92,78.52,87.3,6.14,1
S486,12,5,92.6,68.44,7.81,80.39,74.4,90.8,2.9,0
S487,10,5,92.86,85.84,5.06,60.91,75.17,65.47,7.73,0
S488,12,5,89.25,69.41,4.24,95.79,87.27,30.95,8.28,0
S489,13,8,75.33,100.0,5.75,99.89,80.79,64.58,10.0,0
S490,11,5,84.52,69.01,8.72,58.5,75.46,69.04,2.75,0
S491,10,8,84.96,78.37,8.91,61.76,52.14,54.84,5.49,0
S492,14,6,73.42,88.99,8.03,82.89,60.48,62.27,0.84,0
S493,13,7,100.0,53.72,8.45,64.19,70.53,92.95,6.11,1
S494,10,5,93.77,48.59,8.03,69.32,73.12,79.97,3.9,1
S495,14,5,82.79,52.12,5.72,70.38,58.44,56.13,8.85,1
S496,10,6,85.27,93.94,7.86,41.2,100.0,46.04,3.45,1
S497,12,7,87.08,66.72,8.6,69.79,90.2,65.09,1.62,0
S498,10,8,64.58,100.0,8.51,59.65,79.23,66.8,4.06,0
S499,10,7,82.53,66.54,9.38,62.6,72.86,77.44,1.05,0
S500,10,6,78.18,77.77,8.42,91.65,69.45,61.97,6.5,0
